[
    {
        "pk": 7, 
        "model": "main.degree", 
        "fields": {
            "acronym": "ABSM", 
            "priority": 6, 
            "name": "ABSM"
        }
    }, 
    {
        "pk": 11, 
        "model": "main.degree", 
        "fields": {
            "acronym": "DDS", 
            "priority": 2, 
            "name": "Doctor of Dental Surgery"
        }
    }, 
    {
        "pk": 12, 
        "model": "main.degree", 
        "fields": {
            "acronym": "DPM", 
            "priority": 2, 
            "name": "Doctor of Podiatric Medicine"
        }
    }, 
    {
        "pk": 10, 
        "model": "main.degree", 
        "fields": {
            "acronym": "FAAP", 
            "priority": 2, 
            "name": "Fellow of the American Academy of Pediatrics"
        }
    }, 
    {
        "pk": 6, 
        "model": "main.degree", 
        "fields": {
            "acronym": "FACA", 
            "priority": 5, 
            "name": "FACA"
        }
    }, 
    {
        "pk": 4, 
        "model": "main.degree", 
        "fields": {
            "acronym": "FACC", 
            "priority": 3, 
            "name": "Fellowship of the American College of Cardiology"
        }
    }, 
    {
        "pk": 14, 
        "model": "main.degree", 
        "fields": {
            "acronym": "FACG", 
            "priority": 3, 
            "name": "FACG"
        }
    }, 
    {
        "pk": 8, 
        "model": "main.degree", 
        "fields": {
            "acronym": "FACP", 
            "priority": 2, 
            "name": "Fellow of the American College of Physicians"
        }
    }, 
    {
        "pk": 3, 
        "model": "main.degree", 
        "fields": {
            "acronym": "FCCP", 
            "priority": 4, 
            "name": "Fellow of the College of Chest Physicians"
        }
    }, 
    {
        "pk": 9, 
        "model": "main.degree", 
        "fields": {
            "acronym": "FSCAI", 
            "priority": 4, 
            "name": "Fellow of the Society for Cardiovascular Angiography and Interventions"
        }
    }, 
    {
        "pk": 2, 
        "model": "main.degree", 
        "fields": {
            "acronym": "MD", 
            "priority": 1, 
            "name": "Doctor of Medicine"
        }
    }, 
    {
        "pk": 15, 
        "model": "main.degree", 
        "fields": {
            "acronym": "New York State Licensed Acupuncturist", 
            "priority": 3, 
            "name": "New York State Licensed Acupuncturist"
        }
    }, 
    {
        "pk": 16, 
        "model": "main.degree", 
        "fields": {
            "acronym": "none", 
            "priority": 0, 
            "name": "none"
        }
    }, 
    {
        "pk": 13, 
        "model": "main.degree", 
        "fields": {
            "acronym": "PC", 
            "priority": 7, 
            "name": "PC"
        }
    }, 
    {
        "pk": 1, 
        "model": "main.degree", 
        "fields": {
            "acronym": "PhD", 
            "priority": 2, 
            "name": "Doctorate"
        }
    }, 
    {
        "pk": 14, 
        "model": "main.specialty", 
        "fields": {
            "menu": "", 
            "handle": "acupuncture", 
            "name": "Acupuncture", 
            "is_menu": 1
        }
    }, 
    {
        "pk": 8, 
        "model": "main.specialty", 
        "fields": {
            "menu": "", 
            "handle": "cardiology", 
            "name": "Cardiology", 
            "is_menu": 1
        }
    }, 
    {
        "pk": 13, 
        "model": "main.specialty", 
        "fields": {
            "menu": "", 
            "handle": "dentistry", 
            "name": "Dentistry", 
            "is_menu": 1
        }
    }, 
    {
        "pk": 12, 
        "model": "main.specialty", 
        "fields": {
            "menu": "", 
            "handle": "family", 
            "name": "Family Practice", 
            "is_menu": 1
        }
    }, 
    {
        "pk": 5, 
        "model": "main.specialty", 
        "fields": {
            "menu": "", 
            "handle": "gastroenterology", 
            "name": "Gastroenterology", 
            "is_menu": 1
        }
    }, 
    {
        "pk": 10, 
        "model": "main.specialty", 
        "fields": {
            "menu": "", 
            "handle": "gynecology", 
            "name": "Gynecology", 
            "is_menu": 1
        }
    }, 
    {
        "pk": 7, 
        "model": "main.specialty", 
        "fields": {
            "menu": "", 
            "handle": "internal", 
            "name": "Internal Medicine", 
            "is_menu": 1
        }
    }, 
    {
        "pk": 3, 
        "model": "main.specialty", 
        "fields": {
            "menu": "", 
            "handle": "neurology", 
            "name": "Neurology", 
            "is_menu": 1
        }
    }, 
    {
        "pk": 11, 
        "model": "main.specialty", 
        "fields": {
            "menu": "", 
            "handle": "pediatrics", 
            "name": "Pediatrics", 
            "is_menu": 1
        }
    }, 
    {
        "pk": 15, 
        "model": "main.specialty", 
        "fields": {
            "menu": "Physical Therapy  and Rehabilitation", 
            "handle": "physical", 
            "name": "Physical Therapy", 
            "is_menu": 1
        }
    }, 
    {
        "pk": 1, 
        "model": "main.specialty", 
        "fields": {
            "menu": "", 
            "handle": "podiatry", 
            "name": "Podiatry", 
            "is_menu": 1
        }
    }, 
    {
        "pk": 2, 
        "model": "main.specialty", 
        "fields": {
            "menu": "Psychological Counseling", 
            "handle": "psychology", 
            "name": "Psychology", 
            "is_menu": 1
        }
    }, 
    {
        "pk": 6, 
        "model": "main.specialty", 
        "fields": {
            "menu": "", 
            "handle": "pulmonary", 
            "name": "Pulmonary", 
            "is_menu": 0
        }
    }, 
    {
        "pk": 16, 
        "model": "main.specialty", 
        "fields": {
            "menu": "Radiology and Imaging", 
            "handle": "radiology", 
            "name": "Radiology", 
            "is_menu": 1
        }
    }, 
    {
        "pk": 9, 
        "model": "main.specialty", 
        "fields": {
            "menu": "Minor Surgical Procedures", 
            "handle": "surgery", 
            "name": "Surgery", 
            "is_menu": 1
        }
    }, 
    {
        "pk": 4, 
        "model": "main.specialty", 
        "fields": {
            "menu": "", 
            "handle": "urology", 
            "name": "Urology", 
            "is_menu": 1
        }
    }, 
    {
        "pk": 1, 
        "model": "main.medicalstaff", 
        "fields": {
            "name_first": "Yakov", 
            "name_last": "Beim", 
            "specialty": [
                1
            ], 
            "staff_listing": 1, 
            "degrees": [
                12
            ], 
            "has_bio": 1, 
            "middle_inital": "Y"
        }
    }, 
    {
        "pk": 2, 
        "model": "main.medicalstaff", 
        "fields": {
            "name_first": "Marc", 
            "name_last": "Burd", 
            "specialty": [
                2
            ], 
            "staff_listing": 1, 
            "degrees": [
                1
            ], 
            "has_bio": 0, 
            "middle_inital": ""
        }
    }, 
    {
        "pk": 3, 
        "model": "main.medicalstaff", 
        "fields": {
            "name_first": "Ira", 
            "name_last": "Casson", 
            "specialty": [
                3
            ], 
            "staff_listing": 1, 
            "degrees": [
                2
            ], 
            "has_bio": 1, 
            "middle_inital": ""
        }
    }, 
    {
        "pk": 4, 
        "model": "main.medicalstaff", 
        "fields": {
            "name_first": "Sussman", 
            "name_last": "David", 
            "specialty": [
                5, 
                4
            ], 
            "staff_listing": 1, 
            "degrees": [
                2
            ], 
            "has_bio": 0, 
            "middle_inital": ""
        }
    }, 
    {
        "pk": 5, 
        "model": "main.medicalstaff", 
        "fields": {
            "name_first": "G", 
            "name_last": "Gill", 
            "specialty": [
                6
            ], 
            "staff_listing": 1, 
            "degrees": [
                7, 
                3, 
                2
            ], 
            "has_bio": 0, 
            "middle_inital": "S"
        }
    }, 
    {
        "pk": 6, 
        "model": "main.medicalstaff", 
        "fields": {
            "name_first": "Gerson", 
            "name_last": "Gomes", 
            "specialty": [
                7
            ], 
            "staff_listing": 1, 
            "degrees": [
                6, 
                4, 
                8, 
                2
            ], 
            "has_bio": 1, 
            "middle_inital": "I"
        }
    }, 
    {
        "pk": 7, 
        "model": "main.medicalstaff", 
        "fields": {
            "name_first": "Gajanan", 
            "name_last": "Laud", 
            "specialty": [
                5
            ], 
            "staff_listing": 1, 
            "degrees": [
                2
            ], 
            "has_bio": 0, 
            "middle_inital": ""
        }
    }, 
    {
        "pk": 8, 
        "model": "main.medicalstaff", 
        "fields": {
            "name_first": "Jay", 
            "name_last": "Lee", 
            "specialty": [
                8, 
                7
            ], 
            "staff_listing": 1, 
            "degrees": [
                4, 
                8, 
                2
            ], 
            "has_bio": 1, 
            "middle_inital": "Y"
        }
    }, 
    {
        "pk": 9, 
        "model": "main.medicalstaff", 
        "fields": {
            "name_first": "Sami", 
            "name_last": "Nathan", 
            "specialty": [
                9
            ], 
            "staff_listing": 1, 
            "degrees": [
                2
            ], 
            "has_bio": 1, 
            "middle_inital": ""
        }
    }, 
    {
        "pk": 10, 
        "model": "main.medicalstaff", 
        "fields": {
            "name_first": "Olukayode", 
            "name_last": "Ojutiku", 
            "specialty": [
                7
            ], 
            "staff_listing": 1, 
            "degrees": [
                8, 
                2
            ], 
            "has_bio": 0, 
            "middle_inital": "O"
        }
    }, 
    {
        "pk": 11, 
        "model": "main.medicalstaff", 
        "fields": {
            "name_first": "Himanshu", 
            "name_last": "Pandya", 
            "specialty": [
                7
            ], 
            "staff_listing": 1, 
            "degrees": [
                2
            ], 
            "has_bio": 1, 
            "middle_inital": ""
        }
    }, 
    {
        "pk": 12, 
        "model": "main.medicalstaff", 
        "fields": {
            "name_first": "Asif", 
            "name_last": "Rehman", 
            "specialty": [
                8
            ], 
            "staff_listing": 1, 
            "degrees": [
                4, 
                8, 
                9, 
                2
            ], 
            "has_bio": 0, 
            "middle_inital": "M"
        }
    }, 
    {
        "pk": 13, 
        "model": "main.medicalstaff", 
        "fields": {
            "name_first": "Gunwant", 
            "name_last": "Singh", 
            "specialty": [
                7
            ], 
            "staff_listing": 1, 
            "degrees": [
                2
            ], 
            "has_bio": 1, 
            "middle_inital": ""
        }
    }, 
    {
        "pk": 14, 
        "model": "main.medicalstaff", 
        "fields": {
            "name_first": "Khalil", 
            "name_last": "Solaimanzadeh", 
            "specialty": [
                10
            ], 
            "staff_listing": 1, 
            "degrees": [
                2
            ], 
            "has_bio": 0, 
            "middle_inital": ""
        }
    }, 
    {
        "pk": 15, 
        "model": "main.medicalstaff", 
        "fields": {
            "name_first": "Eugene", 
            "name_last": "Trainin", 
            "specialty": [
                11
            ], 
            "staff_listing": 1, 
            "degrees": [
                10, 
                2
            ], 
            "has_bio": 0, 
            "middle_inital": ""
        }
    }, 
    {
        "pk": 16, 
        "model": "main.medicalstaff", 
        "fields": {
            "name_first": "Alfred", 
            "name_last": "Abraham", 
            "specialty": [
                11
            ], 
            "staff_listing": 1, 
            "degrees": [
                2
            ], 
            "has_bio": 0, 
            "middle_inital": ""
        }
    }, 
    {
        "pk": 17, 
        "model": "main.medicalstaff", 
        "fields": {
            "name_first": "Michael", 
            "name_last": "Tugetman", 
            "specialty": [
                12
            ], 
            "staff_listing": 1, 
            "degrees": [
                2
            ], 
            "has_bio": 1, 
            "middle_inital": "A"
        }
    }, 
    {
        "pk": 18, 
        "model": "main.medicalstaff", 
        "fields": {
            "name_first": "Shashi", 
            "name_last": "Dholakia", 
            "specialty": [
                13
            ], 
            "staff_listing": 1, 
            "degrees": [
                11
            ], 
            "has_bio": 1, 
            "middle_inital": ""
        }
    }, 
    {
        "pk": 19, 
        "model": "main.medicalstaff", 
        "fields": {
            "name_first": "Joseph", 
            "name_last": "Frager", 
            "specialty": [
                5
            ], 
            "staff_listing": 1, 
            "degrees": [
                14, 
                2, 
                13
            ], 
            "has_bio": 1, 
            "middle_inital": "D"
        }
    }, 
    {
        "pk": 20, 
        "model": "main.medicalstaff", 
        "fields": {
            "name_first": "Genghis", 
            "name_last": "Kim", 
            "specialty": [
                14
            ], 
            "staff_listing": 1, 
            "degrees": [
                15
            ], 
            "has_bio": 1, 
            "middle_inital": ""
        }
    }, 
    {
        "pk": 21, 
        "model": "main.medicalstaff", 
        "fields": {
            "name_first": "Maritza", 
            "name_last": "Archibald", 
            "specialty": [
                11
            ], 
            "staff_listing": 1, 
            "degrees": [
                2
            ], 
            "has_bio": 1, 
            "middle_inital": ""
        }
    }, 
    {
        "pk": 22, 
        "model": "main.medicalstaff", 
        "fields": {
            "name_first": "Charles", 
            "name_last": "Demarco", 
            "specialty": [
                16
            ], 
            "staff_listing": 0, 
            "degrees": [
                16
            ], 
            "has_bio": 0, 
            "middle_inital": ""
        }
    }, 
    {
        "pk": 23, 
        "model": "main.medicalstaff", 
        "fields": {
            "name_first": "Charles", 
            "name_last": "Cooper", 
            "specialty": [
                16
            ], 
            "staff_listing": 0, 
            "degrees": [
                16
            ], 
            "has_bio": 0, 
            "middle_inital": ""
        }
    }
]
